{
  "num_examples": 1321,
  "avg_viseme_score": 0.8547318673212101,
  "avg_phonetic_distance": 4.576760030280091,
  "viseme_score_std": 0.16967865411158492,
  "phonetic_distance_std": 5.415815730241286,
  "operations": {
    "match": 35084,
    "substitute": 4885,
    "delete": 2504,
    "insert": 1057
  },
  "operations_percent": {
    "match": 80.59728922582127,
    "substitute": 11.22214564668045,
    "delete": 5.752354697909488,
    "insert": 2.4282104295887894
  }
}